Resume_Category,Top_Matched_Job
Data Science,Senior Data Analyst
Data Science,Junior Data Scientist - job post
Data Science,Data Engineer Intern - job post
Data Science,Sr. System Administrator
Data Science,Data Engineer Intern - job post
Data Science,Junior Data Scientist - job post
Data Science,Data Scientist - job post
Data Science,Senior AI Developer - job post
Data Science,Senior AI Developer - job post
Data Science,Senior Data Analyst
Data Science,Senior Data Analyst
Data Science,Junior Data Scientist - job post
Data Science,Data Engineer Intern - job post
Data Science,Sr. System Administrator
Data Science,Data Engineer Intern - job post
Data Science,Junior Data Scientist - job post
Data Science,Data Scientist - job post
Data Science,Senior AI Developer - job post
Data Science,Senior AI Developer - job post
Data Science,Senior Data Analyst
Data Science,Senior Data Analyst
Data Science,Junior Data Scientist - job post
Data Science,Data Engineer Intern - job post
Data Science,Sr. System Administrator
Data Science,Data Engineer Intern - job post
Data Science,Junior Data Scientist - job post
Data Science,Data Scientist - job post
Data Science,Senior AI Developer - job post
Data Science,Senior AI Developer - job post
Data Science,Senior Data Analyst
Data Science,Senior Data Analyst
Data Science,Junior Data Scientist - job post
Data Science,Data Engineer Intern - job post
Data Science,Sr. System Administrator
Data Science,Data Engineer Intern - job post
Data Science,Junior Data Scientist - job post
Data Science,Data Scientist - job post
Data Science,Senior AI Developer - job post
Data Science,Senior AI Developer - job post
Data Science,Senior Data Analyst
HR,Director - FP&A / Corporate Finance
HR,Human Resources Generalist
HR,Sr. HR Business Partner (Hybrid/Remote Role)
HR,Sr. HR Business Partner (Hybrid/Remote Role)
HR,Sr. HR Business Partner (Hybrid/Remote Role)
HR,Sr. HR Business Partner (Hybrid/Remote Role)
HR,Sr. HR Business Partner (Hybrid/Remote Role)
HR,Assistant Controller
HR,Sr. HR Business Partner (Hybrid/Remote Role)
HR,Sr. HR Business Partner (Hybrid/Remote Role)
HR,Senior Software Developer- Full Stack (Remote)
HR,Director - FP&A / Corporate Finance
HR,Human Resources Generalist
HR,Sr. HR Business Partner (Hybrid/Remote Role)
HR,Sr. HR Business Partner (Hybrid/Remote Role)
HR,Sr. HR Business Partner (Hybrid/Remote Role)
HR,Sr. HR Business Partner (Hybrid/Remote Role)
HR,Sr. HR Business Partner (Hybrid/Remote Role)
HR,Assistant Controller
HR,Sr. HR Business Partner (Hybrid/Remote Role)
HR,Sr. HR Business Partner (Hybrid/Remote Role)
HR,Senior Software Developer- Full Stack (Remote)
HR,Director - FP&A / Corporate Finance
HR,Human Resources Generalist
HR,Sr. HR Business Partner (Hybrid/Remote Role)
HR,Sr. HR Business Partner (Hybrid/Remote Role)
HR,Sr. HR Business Partner (Hybrid/Remote Role)
HR,Sr. HR Business Partner (Hybrid/Remote Role)
HR,Sr. HR Business Partner (Hybrid/Remote Role)
HR,Assistant Controller
HR,Sr. HR Business Partner (Hybrid/Remote Role)
HR,Sr. HR Business Partner (Hybrid/Remote Role)
HR,Senior Software Developer- Full Stack (Remote)
HR,Director - FP&A / Corporate Finance
HR,Human Resources Generalist
HR,Sr. HR Business Partner (Hybrid/Remote Role)
HR,Sr. HR Business Partner (Hybrid/Remote Role)
HR,Sr. HR Business Partner (Hybrid/Remote Role)
HR,Sr. HR Business Partner (Hybrid/Remote Role)
HR,Sr. HR Business Partner (Hybrid/Remote Role)
HR,Assistant Controller
HR,Sr. HR Business Partner (Hybrid/Remote Role)
HR,Sr. HR Business Partner (Hybrid/Remote Role)
HR,Senior Software Developer- Full Stack (Remote)
Advocate,"Litigation - General/Commercial Attorney in Brooklyn, NY"
Advocate,Senior Accountant (Remote) (Remote)
Advocate,Commercial Contracts Lawyer
Advocate,"Litigation - General/Commercial Attorney in Brooklyn, NY"
Advocate,Enforcement Attorney
Advocate,"Attorney, CAMBA Legal Services, Brooklyn"
Advocate,"Mid-Senior level associate, Corporate M&A - job post"
Advocate,Enforcement Attorney
Advocate,Commercial Contracts Lawyer
Advocate,Software test Engineer ( Entry Level )
Advocate,"Litigation - General/Commercial Attorney in Brooklyn, NY"
Advocate,Senior Accountant (Remote) (Remote)
Advocate,Commercial Contracts Lawyer
Advocate,"Litigation - General/Commercial Attorney in Brooklyn, NY"
Advocate,Enforcement Attorney
Advocate,"Attorney, CAMBA Legal Services, Brooklyn"
Advocate,"Mid-Senior level associate, Corporate M&A - job post"
Advocate,Enforcement Attorney
Advocate,Commercial Contracts Lawyer
Advocate,Software test Engineer ( Entry Level )
Arts,Bilingual Spanish CUSTOMER SERVICE REPRESENTATIVE Work From Home...
Arts,Ecole primaire oasis proche ghandi recherche enseignant-e d arts plastiques - job post
Arts,Marketing & Communications Intern
Arts,Aide maîtresse maternelle - job post
Arts,Fitness Coach
Arts,Diversion Investigator
Arts,Bilingual Spanish CUSTOMER SERVICE REPRESENTATIVE Work From Home...
Arts,Ecole primaire oasis proche ghandi recherche enseignant-e d arts plastiques - job post
Arts,Marketing & Communications Intern
Arts,Aide maîtresse maternelle - job post
Arts,Fitness Coach
Arts,Diversion Investigator
Arts,Bilingual Spanish CUSTOMER SERVICE REPRESENTATIVE Work From Home...
Arts,Ecole primaire oasis proche ghandi recherche enseignant-e d arts plastiques - job post
Arts,Marketing & Communications Intern
Arts,Aide maîtresse maternelle - job post
Arts,Fitness Coach
Arts,Diversion Investigator
Arts,Bilingual Spanish CUSTOMER SERVICE REPRESENTATIVE Work From Home...
Arts,Ecole primaire oasis proche ghandi recherche enseignant-e d arts plastiques - job post
Arts,Marketing & Communications Intern
Arts,Aide maîtresse maternelle - job post
Arts,Fitness Coach
Arts,Diversion Investigator
Arts,Bilingual Spanish CUSTOMER SERVICE REPRESENTATIVE Work From Home...
Arts,Ecole primaire oasis proche ghandi recherche enseignant-e d arts plastiques - job post
Arts,Marketing & Communications Intern
Arts,Aide maîtresse maternelle - job post
Arts,Fitness Coach
Arts,Diversion Investigator
Arts,Bilingual Spanish CUSTOMER SERVICE REPRESENTATIVE Work From Home...
Arts,Ecole primaire oasis proche ghandi recherche enseignant-e d arts plastiques - job post
Arts,Marketing & Communications Intern
Arts,Aide maîtresse maternelle - job post
Arts,Fitness Coach
Arts,Diversion Investigator
Web Designing,Web Designer
Web Designing,Full Stack Web Developer
Web Designing,Web Designer
Web Designing,Web Developer
Web Designing,Full Stack Web Developer
Web Designing,Web Designer
Web Designing,Full Stack Web Developer
Web Designing,Web Designer
Web Designing,Web Developer
Web Designing,Full Stack Web Developer
Web Designing,Web Designer
Web Designing,Full Stack Web Developer
Web Designing,Web Designer
Web Designing,Web Developer
Web Designing,Full Stack Web Developer
Web Designing,Web Designer
Web Designing,Full Stack Web Developer
Web Designing,Web Designer
Web Designing,Web Developer
Web Designing,Full Stack Web Developer
Web Designing,Web Designer
Web Designing,Full Stack Web Developer
Web Designing,Web Designer
Web Designing,Web Developer
Web Designing,Full Stack Web Developer
Web Designing,Web Designer
Web Designing,Full Stack Web Developer
Web Designing,Web Designer
Web Designing,Web Developer
Web Designing,Full Stack Web Developer
Web Designing,Web Designer
Web Designing,Full Stack Web Developer
Web Designing,Web Designer
Web Designing,Web Developer
Web Designing,Full Stack Web Developer
Web Designing,Web Designer
Web Designing,Full Stack Web Developer
Web Designing,Web Designer
Web Designing,Web Developer
Web Designing,Full Stack Web Developer
Web Designing,Web Designer
Web Designing,Full Stack Web Developer
Web Designing,Web Designer
Web Designing,Web Developer
Web Designing,Full Stack Web Developer
Mechanical Engineer,Project Manager 100% Remote
Mechanical Engineer,CNC Programmer Machinist
Mechanical Engineer,Executive Administrator
Mechanical Engineer,Remote Website Designer
Mechanical Engineer,Construction Project Manager
Mechanical Engineer,Project Manager 100% Remote
Mechanical Engineer,CNC Programmer Machinist
Mechanical Engineer,Executive Administrator
Mechanical Engineer,Remote Website Designer
Mechanical Engineer,Construction Project Manager
Mechanical Engineer,Project Manager 100% Remote
Mechanical Engineer,CNC Programmer Machinist
Mechanical Engineer,Executive Administrator
Mechanical Engineer,Remote Website Designer
Mechanical Engineer,Construction Project Manager
Mechanical Engineer,Project Manager 100% Remote
Mechanical Engineer,CNC Programmer Machinist
Mechanical Engineer,Executive Administrator
Mechanical Engineer,Remote Website Designer
Mechanical Engineer,Construction Project Manager
Mechanical Engineer,Project Manager 100% Remote
Mechanical Engineer,CNC Programmer Machinist
Mechanical Engineer,Executive Administrator
Mechanical Engineer,Remote Website Designer
Mechanical Engineer,Construction Project Manager
Mechanical Engineer,Project Manager 100% Remote
Mechanical Engineer,CNC Programmer Machinist
Mechanical Engineer,Executive Administrator
Mechanical Engineer,Remote Website Designer
Mechanical Engineer,Construction Project Manager
Mechanical Engineer,Project Manager 100% Remote
Mechanical Engineer,CNC Programmer Machinist
Mechanical Engineer,Executive Administrator
Mechanical Engineer,Remote Website Designer
Mechanical Engineer,Construction Project Manager
Mechanical Engineer,Project Manager 100% Remote
Mechanical Engineer,CNC Programmer Machinist
Mechanical Engineer,Executive Administrator
Mechanical Engineer,Remote Website Designer
Mechanical Engineer,Construction Project Manager
Sales,Automotive Business Development Center (BDC) Representative
Sales,Account Executive
Sales,Account Executive
Sales,Sales Executive Richmond Hotel
Sales,Sales Executive Richmond Hotel
Sales,Automotive Business Development Center (BDC) Representative
Sales,Account Executive
Sales,Account Executive
Sales,Sales Executive Richmond Hotel
Sales,Sales Executive Richmond Hotel
Sales,Automotive Business Development Center (BDC) Representative
Sales,Account Executive
Sales,Account Executive
Sales,Sales Executive Richmond Hotel
Sales,Sales Executive Richmond Hotel
Sales,Automotive Business Development Center (BDC) Representative
Sales,Account Executive
Sales,Account Executive
Sales,Sales Executive Richmond Hotel
Sales,Sales Executive Richmond Hotel
Sales,Automotive Business Development Center (BDC) Representative
Sales,Account Executive
Sales,Account Executive
Sales,Sales Executive Richmond Hotel
Sales,Sales Executive Richmond Hotel
Sales,Automotive Business Development Center (BDC) Representative
Sales,Account Executive
Sales,Account Executive
Sales,Sales Executive Richmond Hotel
Sales,Sales Executive Richmond Hotel
Sales,Automotive Business Development Center (BDC) Representative
Sales,Account Executive
Sales,Account Executive
Sales,Sales Executive Richmond Hotel
Sales,Sales Executive Richmond Hotel
Sales,Automotive Business Development Center (BDC) Representative
Sales,Account Executive
Sales,Account Executive
Sales,Sales Executive Richmond Hotel
Sales,Sales Executive Richmond Hotel
Health and fitness,Fitness Coach
Health and fitness,Fitness Coach
Health and fitness,Fitness Coach
Health and fitness,Fitness Coach
Health and fitness,Clinical Account Executive
Health and fitness,"VP, Healthcare Services"
Health and fitness,Fitness Coach
Health and fitness,Fitness Coach
Health and fitness,Fitness Coach
Health and fitness,Fitness Coach
Health and fitness,Clinical Account Executive
Health and fitness,"VP, Healthcare Services"
Health and fitness,Fitness Coach
Health and fitness,Fitness Coach
Health and fitness,Fitness Coach
Health and fitness,Fitness Coach
Health and fitness,Clinical Account Executive
Health and fitness,"VP, Healthcare Services"
Health and fitness,Fitness Coach
Health and fitness,Fitness Coach
Health and fitness,Fitness Coach
Health and fitness,Fitness Coach
Health and fitness,Clinical Account Executive
Health and fitness,"VP, Healthcare Services"
Health and fitness,Fitness Coach
Health and fitness,Fitness Coach
Health and fitness,Fitness Coach
Health and fitness,Fitness Coach
Health and fitness,Clinical Account Executive
Health and fitness,"VP, Healthcare Services"
Civil Engineer,Senior Project Manager
Civil Engineer,Construction Project Manager (Remote)
Civil Engineer,(3) Construction Project Managers (Remote) (industrial structures)
Civil Engineer,"Project Manager, Construction Manager (Remote), Project ..."
Civil Engineer,(3) Construction Project Managers (Remote) (industrial structures)
Civil Engineer,Test Center Monitor
Civil Engineer,Senior Project Manager
Civil Engineer,Construction Project Manager (Remote)
Civil Engineer,(3) Construction Project Managers (Remote) (industrial structures)
Civil Engineer,"Project Manager, Construction Manager (Remote), Project ..."
Civil Engineer,(3) Construction Project Managers (Remote) (industrial structures)
Civil Engineer,Test Center Monitor
Civil Engineer,Senior Project Manager
Civil Engineer,Construction Project Manager (Remote)
Civil Engineer,(3) Construction Project Managers (Remote) (industrial structures)
Civil Engineer,"Project Manager, Construction Manager (Remote), Project ..."
Civil Engineer,(3) Construction Project Managers (Remote) (industrial structures)
Civil Engineer,Test Center Monitor
Civil Engineer,Senior Project Manager
Civil Engineer,Construction Project Manager (Remote)
Civil Engineer,(3) Construction Project Managers (Remote) (industrial structures)
Civil Engineer,"Project Manager, Construction Manager (Remote), Project ..."
Civil Engineer,(3) Construction Project Managers (Remote) (industrial structures)
Civil Engineer,Test Center Monitor
Java Developer,Développeur Java Confirmé H/F - job post
Java Developer,Quality Assurance (QA) Engineer - job post
Java Developer,Oracle E-Business Programmer & Decision Support
Java Developer,Wordpress Web Developer
Java Developer,Data Engineer Intern - job post
Java Developer,Développeur Java Confirmé H/F - job post
Java Developer,Web Developer
Java Developer,Web Developer
Java Developer,Software Engineer
Java Developer,Développeur Java Confirmé H/F - job post
Java Developer,Web Developer
Java Developer,HTML and Wordpress Developer
Java Developer,Software Engineer
Java Developer,Senior Embedded C++ Developer
Java Developer,Développeur Java Confirmé H/F - job post
Java Developer,Quality Assurance (QA) Engineer - job post
Java Developer,Oracle E-Business Programmer & Decision Support
Java Developer,Wordpress Web Developer
Java Developer,Data Engineer Intern - job post
Java Developer,Développeur Java Confirmé H/F - job post
Java Developer,Web Developer
Java Developer,Web Developer
Java Developer,Software Engineer
Java Developer,Développeur Java Confirmé H/F - job post
Java Developer,Web Developer
Java Developer,HTML and Wordpress Developer
Java Developer,Software Engineer
Java Developer,Senior Embedded C++ Developer
Java Developer,Développeur Java Confirmé H/F - job post
Java Developer,Quality Assurance (QA) Engineer - job post
Java Developer,Oracle E-Business Programmer & Decision Support
Java Developer,Wordpress Web Developer
Java Developer,Data Engineer Intern - job post
Java Developer,Développeur Java Confirmé H/F - job post
Java Developer,Web Developer
Java Developer,Web Developer
Java Developer,Software Engineer
Java Developer,Développeur Java Confirmé H/F - job post
Java Developer,Web Developer
Java Developer,HTML and Wordpress Developer
Java Developer,Software Engineer
Java Developer,Senior Embedded C++ Developer
Java Developer,Développeur Java Confirmé H/F - job post
Java Developer,Quality Assurance (QA) Engineer - job post
Java Developer,Oracle E-Business Programmer & Decision Support
Java Developer,Wordpress Web Developer
Java Developer,Data Engineer Intern - job post
Java Developer,Développeur Java Confirmé H/F - job post
Java Developer,Web Developer
Java Developer,Web Developer
Java Developer,Software Engineer
Java Developer,Développeur Java Confirmé H/F - job post
Java Developer,Web Developer
Java Developer,HTML and Wordpress Developer
Java Developer,Software Engineer
Java Developer,Senior Embedded C++ Developer
Java Developer,Développeur Java Confirmé H/F - job post
Java Developer,Quality Assurance (QA) Engineer - job post
Java Developer,Oracle E-Business Programmer & Decision Support
Java Developer,Wordpress Web Developer
Java Developer,Data Engineer Intern - job post
Java Developer,Développeur Java Confirmé H/F - job post
Java Developer,Web Developer
Java Developer,Web Developer
Java Developer,Software Engineer
Java Developer,Développeur Java Confirmé H/F - job post
Java Developer,Web Developer
Java Developer,HTML and Wordpress Developer
Java Developer,Software Engineer
Java Developer,Senior Embedded C++ Developer
Java Developer,Développeur Java Confirmé H/F - job post
Java Developer,Quality Assurance (QA) Engineer - job post
Java Developer,Oracle E-Business Programmer & Decision Support
Java Developer,Wordpress Web Developer
Java Developer,Data Engineer Intern - job post
Java Developer,Développeur Java Confirmé H/F - job post
Java Developer,Web Developer
Java Developer,Web Developer
Java Developer,Software Engineer
Java Developer,Développeur Java Confirmé H/F - job post
Java Developer,Web Developer
Java Developer,HTML and Wordpress Developer
Java Developer,Software Engineer
Java Developer,Senior Embedded C++ Developer
Business Analyst,Salesforce.com QA Tester
Business Analyst,Data Management Analyst for Netsmart
Business Analyst,Quality Assurance (QA) Engineer - job post
Business Analyst,Quality Assurance (QA) Engineer - job post
Business Analyst,GRC Product Risk Analyst (Remote)
Business Analyst,Sales Associate – Luxury Brand in NYC!
Business Analyst,Quality Assurance (QA) Engineer - job post
Business Analyst,Quality Assurance (QA) Engineer - job post
Business Analyst,GRC Product Risk Analyst (Remote)
Business Analyst,Sales Associate – Luxury Brand in NYC!
Business Analyst,Quality Assurance (QA) Engineer - job post
Business Analyst,Quality Assurance (QA) Engineer - job post
Business Analyst,GRC Product Risk Analyst (Remote)
Business Analyst,Sales Associate – Luxury Brand in NYC!
Business Analyst,Salesforce.com QA Tester
Business Analyst,Data Management Analyst for Netsmart
Business Analyst,Quality Assurance (QA) Engineer - job post
Business Analyst,Quality Assurance (QA) Engineer - job post
Business Analyst,GRC Product Risk Analyst (Remote)
Business Analyst,Sales Associate – Luxury Brand in NYC!
Business Analyst,Quality Assurance (QA) Engineer - job post
Business Analyst,Quality Assurance (QA) Engineer - job post
Business Analyst,GRC Product Risk Analyst (Remote)
Business Analyst,Sales Associate – Luxury Brand in NYC!
Business Analyst,Quality Assurance (QA) Engineer - job post
Business Analyst,Quality Assurance (QA) Engineer - job post
Business Analyst,GRC Product Risk Analyst (Remote)
Business Analyst,Sales Associate – Luxury Brand in NYC!
SAP Developer,Sr. System Administrator
SAP Developer,Sr. System Administrator
SAP Developer,Sr. System Administrator
SAP Developer,Sr. System Administrator
SAP Developer,Sr. System Administrator
SAP Developer,Sr. System Administrator
SAP Developer,Sr. System Administrator
SAP Developer,Sr. System Administrator
SAP Developer,Sr. System Administrator
SAP Developer,Sr. System Administrator
SAP Developer,Sr. System Administrator
SAP Developer,Sr. System Administrator
SAP Developer,Sr. System Administrator
SAP Developer,Sr. System Administrator
SAP Developer,Sr. System Administrator
SAP Developer,Sr. System Administrator
SAP Developer,Sr. System Administrator
SAP Developer,Sr. System Administrator
SAP Developer,Sr. System Administrator
SAP Developer,Sr. System Administrator
SAP Developer,Sr. System Administrator
SAP Developer,Sr. System Administrator
SAP Developer,Sr. System Administrator
SAP Developer,Sr. System Administrator
Automation Testing,Test position
Automation Testing,Accounts Receivable-FC
Automation Testing,Quality Assurance (QA) Engineer - job post
Automation Testing,Test position
Automation Testing,Quality Assurance (QA) Engineer - job post
Automation Testing,Quality Assurance (QA) Engineer - job post
Automation Testing,Quality Assurance (QA) Engineer - job post
Automation Testing,Test position
Automation Testing,Quality Assurance (QA) Engineer - job post
Automation Testing,Test position
Automation Testing,Quality Assurance (QA) Engineer - job post
Automation Testing,Test position
Automation Testing,Quality Assurance (QA) Engineer - job post
Automation Testing,Test position
Automation Testing,Accounts Receivable-FC
Automation Testing,Quality Assurance (QA) Engineer - job post
Automation Testing,Test position
Automation Testing,Quality Assurance (QA) Engineer - job post
Automation Testing,Quality Assurance (QA) Engineer - job post
Automation Testing,Quality Assurance (QA) Engineer - job post
Automation Testing,Test position
Automation Testing,Quality Assurance (QA) Engineer - job post
Automation Testing,Test position
Automation Testing,Quality Assurance (QA) Engineer - job post
Automation Testing,Test position
Automation Testing,Quality Assurance (QA) Engineer - job post
Electrical Engineering,"Project Manager, Construction Manager (Remote), Project ..."
Electrical Engineering,"Senior Manager, Test"
Electrical Engineering,Senior Project Manager
Electrical Engineering,Business Development & Sales Analyst II
Electrical Engineering,Facilities Manager - job post
Electrical Engineering,"Project Manager, Construction Manager (Remote), Project ..."
Electrical Engineering,"Senior Manager, Test"
Electrical Engineering,Senior Project Manager
Electrical Engineering,Business Development & Sales Analyst II
Electrical Engineering,Facilities Manager - job post
Electrical Engineering,"Project Manager, Construction Manager (Remote), Project ..."
Electrical Engineering,"Senior Manager, Test"
Electrical Engineering,Senior Project Manager
Electrical Engineering,Business Development & Sales Analyst II
Electrical Engineering,Facilities Manager - job post
Electrical Engineering,"Project Manager, Construction Manager (Remote), Project ..."
Electrical Engineering,"Senior Manager, Test"
Electrical Engineering,Senior Project Manager
Electrical Engineering,Business Development & Sales Analyst II
Electrical Engineering,Facilities Manager - job post
Electrical Engineering,"Project Manager, Construction Manager (Remote), Project ..."
Electrical Engineering,"Senior Manager, Test"
Electrical Engineering,Senior Project Manager
Electrical Engineering,Business Development & Sales Analyst II
Electrical Engineering,Facilities Manager - job post
Electrical Engineering,"Project Manager, Construction Manager (Remote), Project ..."
Electrical Engineering,"Senior Manager, Test"
Electrical Engineering,Senior Project Manager
Electrical Engineering,Business Development & Sales Analyst II
Electrical Engineering,Facilities Manager - job post
Operations Manager,Project Manager 100% Remote
Operations Manager,"Vice President, Operations"
Operations Manager,logistics specialist - job post
Operations Manager,"Project Manager, Construction Manager (Remote), Project ..."
Operations Manager,Project Manager 100% Remote
Operations Manager,"Vice President, Operations"
Operations Manager,logistics specialist - job post
Operations Manager,"Project Manager, Construction Manager (Remote), Project ..."
Operations Manager,Project Manager 100% Remote
Operations Manager,"Vice President, Operations"
Operations Manager,logistics specialist - job post
Operations Manager,"Project Manager, Construction Manager (Remote), Project ..."
Operations Manager,Project Manager 100% Remote
Operations Manager,"Vice President, Operations"
Operations Manager,logistics specialist - job post
Operations Manager,"Project Manager, Construction Manager (Remote), Project ..."
Operations Manager,Project Manager 100% Remote
Operations Manager,"Vice President, Operations"
Operations Manager,logistics specialist - job post
Operations Manager,"Project Manager, Construction Manager (Remote), Project ..."
Operations Manager,Project Manager 100% Remote
Operations Manager,"Vice President, Operations"
Operations Manager,logistics specialist - job post
Operations Manager,"Project Manager, Construction Manager (Remote), Project ..."
Operations Manager,Project Manager 100% Remote
Operations Manager,"Vice President, Operations"
Operations Manager,logistics specialist - job post
Operations Manager,"Project Manager, Construction Manager (Remote), Project ..."
Operations Manager,Project Manager 100% Remote
Operations Manager,"Vice President, Operations"
Operations Manager,logistics specialist - job post
Operations Manager,"Project Manager, Construction Manager (Remote), Project ..."
Operations Manager,Project Manager 100% Remote
Operations Manager,"Vice President, Operations"
Operations Manager,logistics specialist - job post
Operations Manager,"Project Manager, Construction Manager (Remote), Project ..."
Operations Manager,Project Manager 100% Remote
Operations Manager,"Vice President, Operations"
Operations Manager,logistics specialist - job post
Operations Manager,"Project Manager, Construction Manager (Remote), Project ..."
Python Developer,Senior Full Stack Software Engineer- Remote
Python Developer,Data scientist intern - job post
Python Developer,System Software Development Engineer - Entry Level
Python Developer,Software Engineer (JavaScript Backend)
Python Developer,Remote Customer Service Representative ($16/hr)
Python Developer,Mainframe Programmer Analyst
Python Developer,Senior Full Stack Software Engineer- Remote
Python Developer,Data scientist intern - job post
Python Developer,System Software Development Engineer - Entry Level
Python Developer,Software Engineer (JavaScript Backend)
Python Developer,Remote Customer Service Representative ($16/hr)
Python Developer,Mainframe Programmer Analyst
Python Developer,Senior Full Stack Software Engineer- Remote
Python Developer,Data scientist intern - job post
Python Developer,System Software Development Engineer - Entry Level
Python Developer,Software Engineer (JavaScript Backend)
Python Developer,Remote Customer Service Representative ($16/hr)
Python Developer,Mainframe Programmer Analyst
Python Developer,Senior Full Stack Software Engineer- Remote
Python Developer,Data scientist intern - job post
Python Developer,System Software Development Engineer - Entry Level
Python Developer,Software Engineer (JavaScript Backend)
Python Developer,Remote Customer Service Representative ($16/hr)
Python Developer,Mainframe Programmer Analyst
Python Developer,Senior Full Stack Software Engineer- Remote
Python Developer,Data scientist intern - job post
Python Developer,System Software Development Engineer - Entry Level
Python Developer,Software Engineer (JavaScript Backend)
Python Developer,Remote Customer Service Representative ($16/hr)
Python Developer,Mainframe Programmer Analyst
Python Developer,Senior Full Stack Software Engineer- Remote
Python Developer,Data scientist intern - job post
Python Developer,System Software Development Engineer - Entry Level
Python Developer,Software Engineer (JavaScript Backend)
Python Developer,Remote Customer Service Representative ($16/hr)
Python Developer,Mainframe Programmer Analyst
Python Developer,Senior Full Stack Software Engineer- Remote
Python Developer,Data scientist intern - job post
Python Developer,System Software Development Engineer - Entry Level
Python Developer,Software Engineer (JavaScript Backend)
Python Developer,Remote Customer Service Representative ($16/hr)
Python Developer,Mainframe Programmer Analyst
Python Developer,Senior Full Stack Software Engineer- Remote
Python Developer,Data scientist intern - job post
Python Developer,System Software Development Engineer - Entry Level
Python Developer,Software Engineer (JavaScript Backend)
Python Developer,Remote Customer Service Representative ($16/hr)
Python Developer,Mainframe Programmer Analyst
DevOps Engineer,Senior eCommerce Engineer
DevOps Engineer,Web Developer
DevOps Engineer,Senior eCommerce Engineer
DevOps Engineer,Sr. System Administrator
DevOps Engineer, Business Development Project Manager
DevOps Engineer,"Project Manager, Construction Manager (Remote), Project ..."
DevOps Engineer,Quality Assurance (QA) Engineer - job post
DevOps Engineer,Senior eCommerce Engineer
DevOps Engineer,Web Developer
DevOps Engineer,Senior eCommerce Engineer
DevOps Engineer,Senior eCommerce Engineer
DevOps Engineer,Web Developer
DevOps Engineer,Senior eCommerce Engineer
DevOps Engineer,Senior eCommerce Engineer
DevOps Engineer,Web Developer
DevOps Engineer,Senior eCommerce Engineer
DevOps Engineer,Senior eCommerce Engineer
DevOps Engineer,Web Developer
DevOps Engineer,Senior eCommerce Engineer
DevOps Engineer,Senior eCommerce Engineer
DevOps Engineer,Web Developer
DevOps Engineer,Senior eCommerce Engineer
DevOps Engineer,Senior eCommerce Engineer
DevOps Engineer,Web Developer
DevOps Engineer,Senior eCommerce Engineer
DevOps Engineer,Senior eCommerce Engineer
DevOps Engineer,Web Developer
DevOps Engineer,Senior eCommerce Engineer
DevOps Engineer,Senior eCommerce Engineer
DevOps Engineer,Web Developer
DevOps Engineer,Senior eCommerce Engineer
DevOps Engineer,Senior eCommerce Engineer
DevOps Engineer,Web Developer
DevOps Engineer,Senior eCommerce Engineer
DevOps Engineer,Senior eCommerce Engineer
DevOps Engineer,Web Developer
DevOps Engineer,Senior eCommerce Engineer
DevOps Engineer,Senior eCommerce Engineer
DevOps Engineer,Web Developer
DevOps Engineer,Senior eCommerce Engineer
DevOps Engineer,Senior eCommerce Engineer
DevOps Engineer,Web Developer
DevOps Engineer,Senior eCommerce Engineer
DevOps Engineer,Senior eCommerce Engineer
DevOps Engineer,Web Developer
DevOps Engineer,Senior eCommerce Engineer
DevOps Engineer,Senior eCommerce Engineer
DevOps Engineer,Web Developer
DevOps Engineer,Senior eCommerce Engineer
DevOps Engineer,Senior eCommerce Engineer
DevOps Engineer,Web Developer
DevOps Engineer,Senior eCommerce Engineer
DevOps Engineer,Senior eCommerce Engineer
DevOps Engineer,Web Developer
DevOps Engineer,Senior eCommerce Engineer
Network Security Engineer,Network and Systems Administrator (On-Site ~ NOT REMOTE)
Network Security Engineer,"Sr. Software Engineer, Networking (Remote)"
Network Security Engineer,Network and Systems Administrator (On-Site ~ NOT REMOTE)
Network Security Engineer,IT Systems Administrator
Network Security Engineer,Network and Systems Administrator (On-Site ~ NOT REMOTE)
Network Security Engineer,Network and Systems Administrator (On-Site ~ NOT REMOTE)
Network Security Engineer,"Sr. Software Engineer, Networking (Remote)"
Network Security Engineer,Network and Systems Administrator (On-Site ~ NOT REMOTE)
Network Security Engineer,IT Systems Administrator
Network Security Engineer,Network and Systems Administrator (On-Site ~ NOT REMOTE)
Network Security Engineer,Network and Systems Administrator (On-Site ~ NOT REMOTE)
Network Security Engineer,"Sr. Software Engineer, Networking (Remote)"
Network Security Engineer,Network and Systems Administrator (On-Site ~ NOT REMOTE)
Network Security Engineer,IT Systems Administrator
Network Security Engineer,Network and Systems Administrator (On-Site ~ NOT REMOTE)
Network Security Engineer,Network and Systems Administrator (On-Site ~ NOT REMOTE)
Network Security Engineer,"Sr. Software Engineer, Networking (Remote)"
Network Security Engineer,Network and Systems Administrator (On-Site ~ NOT REMOTE)
Network Security Engineer,IT Systems Administrator
Network Security Engineer,Network and Systems Administrator (On-Site ~ NOT REMOTE)
Network Security Engineer,Network and Systems Administrator (On-Site ~ NOT REMOTE)
Network Security Engineer,"Sr. Software Engineer, Networking (Remote)"
Network Security Engineer,Network and Systems Administrator (On-Site ~ NOT REMOTE)
Network Security Engineer,IT Systems Administrator
Network Security Engineer,Network and Systems Administrator (On-Site ~ NOT REMOTE)
PMO,Project Manager 100% Remote
PMO,"Project Manager, Construction Manager (Remote), Project ..."
PMO,Sales Executive
PMO,Project Manager 100% Remote
PMO,"Project Manager, Construction Manager (Remote), Project ..."
PMO,Sales Executive
PMO,Project Manager 100% Remote
PMO,"Project Manager, Construction Manager (Remote), Project ..."
PMO,Sales Executive
PMO,Project Manager 100% Remote
PMO,"Project Manager, Construction Manager (Remote), Project ..."
PMO,Sales Executive
PMO,Project Manager 100% Remote
PMO,"Project Manager, Construction Manager (Remote), Project ..."
PMO,Sales Executive
PMO,Project Manager 100% Remote
PMO,"Project Manager, Construction Manager (Remote), Project ..."
PMO,Sales Executive
PMO,Project Manager 100% Remote
PMO,"Project Manager, Construction Manager (Remote), Project ..."
PMO,Sales Executive
PMO,Project Manager 100% Remote
PMO,"Project Manager, Construction Manager (Remote), Project ..."
PMO,Sales Executive
PMO,Project Manager 100% Remote
PMO,"Project Manager, Construction Manager (Remote), Project ..."
PMO,Sales Executive
PMO,Project Manager 100% Remote
PMO,"Project Manager, Construction Manager (Remote), Project ..."
PMO,Sales Executive
Database,Senior eCommerce Engineer
Database,System Administrator
Database,Systems Analyst - Appserver Admin
Database,Oracle E-Business Programmer & Decision Support
Database,Sr. System Administrator
Database,Oracle E-Business Programmer & Decision Support
Database,Oracle E-Business Programmer & Decision Support
Database,Systems Analyst - Appserver Admin
Database,Systems Analyst - Appserver Admin
Database,Oracle E-Business Programmer & Decision Support
Database,Oracle E-Business Programmer & Decision Support
Database,Senior eCommerce Engineer
Database,System Administrator
Database,Systems Analyst - Appserver Admin
Database,Oracle E-Business Programmer & Decision Support
Database,Sr. System Administrator
Database,Oracle E-Business Programmer & Decision Support
Database,Oracle E-Business Programmer & Decision Support
Database,Systems Analyst - Appserver Admin
Database,Systems Analyst - Appserver Admin
Database,Oracle E-Business Programmer & Decision Support
Database,Oracle E-Business Programmer & Decision Support
Database,Senior eCommerce Engineer
Database,System Administrator
Database,Systems Analyst - Appserver Admin
Database,Oracle E-Business Programmer & Decision Support
Database,Sr. System Administrator
Database,Oracle E-Business Programmer & Decision Support
Database,Oracle E-Business Programmer & Decision Support
Database,Systems Analyst - Appserver Admin
Database,Systems Analyst - Appserver Admin
Database,Oracle E-Business Programmer & Decision Support
Database,Oracle E-Business Programmer & Decision Support
Hadoop,Senior Data Analyst
Hadoop,Product Development Associate in NYC
Hadoop,Senior Data Analyst
Hadoop,Data Engineer Intern - job post
Hadoop,Data Engineer Intern - job post
Hadoop,Big Data Engineer - job post
Hadoop,Big Data Engineer - job post
Hadoop,Senior Data Analyst
Hadoop,Product Development Associate in NYC
Hadoop,Senior Data Analyst
Hadoop,Data Engineer Intern - job post
Hadoop,Data Engineer Intern - job post
Hadoop,Big Data Engineer - job post
Hadoop,Big Data Engineer - job post
Hadoop,Senior Data Analyst
Hadoop,Product Development Associate in NYC
Hadoop,Senior Data Analyst
Hadoop,Data Engineer Intern - job post
Hadoop,Data Engineer Intern - job post
Hadoop,Big Data Engineer - job post
Hadoop,Big Data Engineer - job post
Hadoop,Senior Data Analyst
Hadoop,Product Development Associate in NYC
Hadoop,Senior Data Analyst
Hadoop,Data Engineer Intern - job post
Hadoop,Data Engineer Intern - job post
Hadoop,Big Data Engineer - job post
Hadoop,Big Data Engineer - job post
Hadoop,Senior Data Analyst
Hadoop,Product Development Associate in NYC
Hadoop,Senior Data Analyst
Hadoop,Data Engineer Intern - job post
Hadoop,Data Engineer Intern - job post
Hadoop,Big Data Engineer - job post
Hadoop,Big Data Engineer - job post
Hadoop,Senior Data Analyst
Hadoop,Product Development Associate in NYC
Hadoop,Senior Data Analyst
Hadoop,Data Engineer Intern - job post
Hadoop,Data Engineer Intern - job post
Hadoop,Big Data Engineer - job post
Hadoop,Big Data Engineer - job post
ETL Developer,Data Engineer Intern - job post
ETL Developer,Oracle E-Business Programmer & Decision Support
ETL Developer,Oracle E-Business Programmer & Decision Support
ETL Developer,Data Engineer Intern - job post
ETL Developer,Data Engineer Intern - job post
ETL Developer,Data Engineer Intern - job post
ETL Developer,Oracle E-Business Programmer & Decision Support
ETL Developer,Oracle E-Business Programmer & Decision Support
ETL Developer,Data Engineer Intern - job post
ETL Developer,Data Engineer Intern - job post
ETL Developer,Data Engineer Intern - job post
ETL Developer,Oracle E-Business Programmer & Decision Support
ETL Developer,Oracle E-Business Programmer & Decision Support
ETL Developer,Data Engineer Intern - job post
ETL Developer,Data Engineer Intern - job post
ETL Developer,Data Engineer Intern - job post
ETL Developer,Oracle E-Business Programmer & Decision Support
ETL Developer,Oracle E-Business Programmer & Decision Support
ETL Developer,Data Engineer Intern - job post
ETL Developer,Data Engineer Intern - job post
ETL Developer,Data Engineer Intern - job post
ETL Developer,Oracle E-Business Programmer & Decision Support
ETL Developer,Oracle E-Business Programmer & Decision Support
ETL Developer,Data Engineer Intern - job post
ETL Developer,Data Engineer Intern - job post
ETL Developer,Data Engineer Intern - job post
ETL Developer,Oracle E-Business Programmer & Decision Support
ETL Developer,Oracle E-Business Programmer & Decision Support
ETL Developer,Data Engineer Intern - job post
ETL Developer,Data Engineer Intern - job post
ETL Developer,Data Engineer Intern - job post
ETL Developer,Oracle E-Business Programmer & Decision Support
ETL Developer,Oracle E-Business Programmer & Decision Support
ETL Developer,Data Engineer Intern - job post
ETL Developer,Data Engineer Intern - job post
ETL Developer,Data Engineer Intern - job post
ETL Developer,Oracle E-Business Programmer & Decision Support
ETL Developer,Oracle E-Business Programmer & Decision Support
ETL Developer,Data Engineer Intern - job post
ETL Developer,Data Engineer Intern - job post
DotNet Developer,Web Developer
DotNet Developer,Web Developer
DotNet Developer,Data Management Analyst for Netsmart
DotNet Developer,Senior Embedded C++ Developer
DotNet Developer,Web Developer
DotNet Developer,Systems Programmer
DotNet Developer,Systems Programmer
DotNet Developer,Web Developer
DotNet Developer,Web Developer
DotNet Developer,Data Management Analyst for Netsmart
DotNet Developer,Senior Embedded C++ Developer
DotNet Developer,Web Developer
DotNet Developer,Systems Programmer
DotNet Developer,Systems Programmer
DotNet Developer,Web Developer
DotNet Developer,Web Developer
DotNet Developer,Data Management Analyst for Netsmart
DotNet Developer,Senior Embedded C++ Developer
DotNet Developer,Web Developer
DotNet Developer,Systems Programmer
DotNet Developer,Systems Programmer
DotNet Developer,Web Developer
DotNet Developer,Web Developer
DotNet Developer,Data Management Analyst for Netsmart
DotNet Developer,Senior Embedded C++ Developer
DotNet Developer,Web Developer
DotNet Developer,Systems Programmer
DotNet Developer,Systems Programmer
Blockchain,"Manager, Business Strategy And Operations"
Blockchain,Senior Full Stack Software Engineer- Remote
Blockchain,"Project Manager, Construction Manager (Remote), Project ..."
Blockchain,Web Developer
Blockchain,Data Analyst - job post
Blockchain,"Manager, Business Strategy And Operations"
Blockchain,Senior Full Stack Software Engineer- Remote
Blockchain,"Project Manager, Construction Manager (Remote), Project ..."
Blockchain,Web Developer
Blockchain,Data Analyst - job post
Blockchain,"Manager, Business Strategy And Operations"
Blockchain,Senior Full Stack Software Engineer- Remote
Blockchain,"Project Manager, Construction Manager (Remote), Project ..."
Blockchain,Web Developer
Blockchain,Data Analyst - job post
Blockchain,"Manager, Business Strategy And Operations"
Blockchain,Senior Full Stack Software Engineer- Remote
Blockchain,"Project Manager, Construction Manager (Remote), Project ..."
Blockchain,Web Developer
Blockchain,Data Analyst - job post
Blockchain,"Manager, Business Strategy And Operations"
Blockchain,Senior Full Stack Software Engineer- Remote
Blockchain,"Project Manager, Construction Manager (Remote), Project ..."
Blockchain,Web Developer
Blockchain,Data Analyst - job post
Blockchain,"Manager, Business Strategy And Operations"
Blockchain,Senior Full Stack Software Engineer- Remote
Blockchain,"Project Manager, Construction Manager (Remote), Project ..."
Blockchain,Web Developer
Blockchain,Data Analyst - job post
Blockchain,"Manager, Business Strategy And Operations"
Blockchain,Senior Full Stack Software Engineer- Remote
Blockchain,"Project Manager, Construction Manager (Remote), Project ..."
Blockchain,Web Developer
Blockchain,Data Analyst - job post
Blockchain,"Manager, Business Strategy And Operations"
Blockchain,Senior Full Stack Software Engineer- Remote
Blockchain,"Project Manager, Construction Manager (Remote), Project ..."
Blockchain,Web Developer
Blockchain,Data Analyst - job post
Testing,Software test Engineer ( Entry Level )
Testing,Firmware Test Engineer
Testing,Test position
Testing,Salesforce.com QA Tester
Testing,Test position
Testing,Project Management Administrator
Testing,Quality Assurance (QA) Engineer - job post
Testing,Software test Engineer ( Entry Level )
Testing,Firmware Test Engineer
Testing,Test position
Testing,Salesforce.com QA Tester
Testing,Test position
Testing,Project Management Administrator
Testing,Quality Assurance (QA) Engineer - job post
Testing,Software test Engineer ( Entry Level )
Testing,Firmware Test Engineer
Testing,Test position
Testing,Salesforce.com QA Tester
Testing,Test position
Testing,Project Management Administrator
Testing,Quality Assurance (QA) Engineer - job post
Testing,Software test Engineer ( Entry Level )
Testing,Firmware Test Engineer
Testing,Test position
Testing,Salesforce.com QA Tester
Testing,Test position
Testing,Project Management Administrator
Testing,Quality Assurance (QA) Engineer - job post
Testing,Software test Engineer ( Entry Level )
Testing,Firmware Test Engineer
Testing,Test position
Testing,Salesforce.com QA Tester
Testing,Test position
Testing,Project Management Administrator
Testing,Quality Assurance (QA) Engineer - job post
Testing,Software test Engineer ( Entry Level )
Testing,Firmware Test Engineer
Testing,Test position
Testing,Salesforce.com QA Tester
Testing,Test position
Testing,Project Management Administrator
Testing,Quality Assurance (QA) Engineer - job post
Testing,Software test Engineer ( Entry Level )
Testing,Firmware Test Engineer
Testing,Test position
Testing,Salesforce.com QA Tester
Testing,Test position
Testing,Project Management Administrator
Testing,Quality Assurance (QA) Engineer - job post
Testing,Software test Engineer ( Entry Level )
Testing,Firmware Test Engineer
Testing,Test position
Testing,Salesforce.com QA Tester
Testing,Test position
Testing,Project Management Administrator
Testing,Quality Assurance (QA) Engineer - job post
Testing,Software test Engineer ( Entry Level )
Testing,Firmware Test Engineer
Testing,Test position
Testing,Salesforce.com QA Tester
Testing,Test position
Testing,Project Management Administrator
Testing,Quality Assurance (QA) Engineer - job post
Testing,Software test Engineer ( Entry Level )
Testing,Firmware Test Engineer
Testing,Test position
Testing,Salesforce.com QA Tester
Testing,Test position
Testing,Project Management Administrator
Testing,Quality Assurance (QA) Engineer - job post
